Club,AttackRating,DefenceRating,ELO
Bohemians,1.10549,1.129351,1850
Shamrock Rovers,1.150965,1.248506,1820
Derry City,1.099626,1.132251,1780
St. Patricks Athletic,1.01753,1.085115,1750
Drogheda United,0.892715,0.933709,1620
Shelbourne,1.073137,1.097915,1720
Galway United,0.944994,0.896521,1680
Dundalk,0.881603,0.881603,1600
Sligo Rovers,0.984639,0.933011,1700
Waterford,0.849301,0.801481,1650
